INSERT INTO roles (name, description)
VALUES ('ADMIN', 'Quản trị hệ thống'),
       ('DOCTOR', 'Bác sĩ điều trị'),
       ('MANAGER', 'Quản lý cơ sở y tế'),
       ('CUSTOMER', 'Người dùng đăng ký điều trị');

INSERT INTO users (id, username, password, full_name, email, phone_number, gender, date_of_birth, role_name,
                   is_verified, address)
VALUES ('8cfe0a5a-d6dd-4331-b2e1-ce07be834aa1', 'doctor002', '12345678', 'Doctor 002', 'doctor002@mail.com',
        '0954365789', 'male', '1995-08-10', 'DOCTOR', TRUE, 'Sơn La'),
       ('ecaf6937-7667-4157-9efb-39a088b3420f', 'doctor003', '12345678', 'Doctor 003', 'doctor003@mail.com',
        '0932247152', 'female', '1985-02-21', 'DOCTOR', TRUE, 'Quảng Bình'),
       ('80ecc893-3b28-4830-816f-540ef313dfe4', 'doctor004', '12345678', 'Doctor 004', 'doctor004@mail.com',
        '0979512524', 'male', '1985-04-16', 'DOCTOR', TRUE, 'Quảng Bình'),
       ('11c73d78-e81b-4fb1-9adb-5bcd3711ffc8', 'doctor005', '12345678', 'Doctor 005', 'doctor005@mail.com',
        '0965089723', 'female', '1980-08-16', 'DOCTOR', TRUE, 'Điện Biên'),
       ('bab4fabd-72ab-43d0-9a8c-52d8683b45e9', 'doctor006', '12345678', 'Doctor 006', 'doctor006@mail.com',
        '0934230777', 'male', '1993-10-23', 'DOCTOR', TRUE, 'Quảng Bình'),
       ('08e1c237-20ee-4c3f-9fdf-00d5e6d0d06c', 'doctor007', '12345678', 'Doctor 007', 'doctor007@mail.com',
        '0979450819', 'female', '1981-11-02', 'DOCTOR', TRUE, 'Bình Dương'),
       ('e008e79d-2e82-43f4-b2ad-d51083aeaf2c', 'doctor008', '12345678', 'Doctor 008', 'doctor008@mail.com',
        '0935763060', 'male', '1998-05-26', 'DOCTOR', TRUE, 'Quảng Bình'),
       ('5d6c25c0-f4a6-4e92-9f58-c72fdcf5d514', 'doctor009', '12345678', 'Doctor 009', 'doctor009@mail.com',
        '0964838739', 'female', '1974-04-29', 'DOCTOR', TRUE, 'Hà Nội'),
       ('2c531f1e-c022-47ae-9c3e-bf25c90d4a93', 'doctor010', '12345678', 'Doctor 010', 'doctor010@mail.com',
        '0942732797', 'male', '1975-05-03', 'DOCTOR', TRUE, 'Bình Dương'),
       ('bc59f9f2-69f7-43e3-8a63-68886c726bd8', 'doctor011', '12345678', 'Doctor 011', 'doctor011@mail.com',
        '0966522295', 'female', '2004-03-31', 'DOCTOR', TRUE, 'Hồ Chí Minh');

-- Thêm thông tin chi tiết cho các bác sĩ vào bảng `doctors`
INSERT INTO doctors (id, qualifications, graduation_year, experience_years, specialty)
VALUES ('8cfe0a5a-d6dd-4331-b2e1-ce07be834aa1', 'Bác sĩ Chuyên khoa I', 2018, 6, 'Hiếm muộn'),
       ('ecaf6937-7667-4157-9efb-39a088b3420f', 'Bác sĩ Chuyên khoa II', 2010, 14, 'Nội tiết'),
       ('80ecc893-3b28-4830-816f-540ef313dfe4', 'Bác sĩ Chuyên khoa I', 2012, 12, 'Hiếm muộn'),
       ('11c73d78-e81b-4fb1-9adb-5bcd3711ffc8', 'Bác sĩ Chuyên khoa II', 2007, 17, 'Hiếm muộn'),
       ('bab4fabd-72ab-43d0-9a8c-52d8683b45e9', 'Bác sĩ', 2015, 9, 'Hiếm muộn'),
       ('08e1c237-20ee-4c3f-9fdf-00d5e6d0d06c', 'Bác sĩ Chuyên khoa I', 2008, 16, 'Hiếm muộn'),
       ('e008e79d-2e82-43f4-b2ad-d51083aeaf2c', 'Bác sĩ', 2020, 4, 'Hiếm muộn'),
       ('5d6c25c0-f4a6-4e92-9f58-c72fdcf5d514', 'Bác sĩ Chuyên khoa I', 2005, 19, 'Hiếm muộn'),
       ('2c531f1e-c022-47ae-9c3e-bf25c90d4a93', 'Bác sĩ Chuyên khoa II', 2003, 21, 'Hiếm muộn'),
       ('bc59f9f2-69f7-43e3-8a63-68886c726bd8', 'Bác sĩ', 2023, 1, 'Hiếm muộn');


INSERT INTO users (id, username, password, full_name, email, phone_number, gender, date_of_birth, role_name,
                   is_verified, address)
VALUES (UUID(), 'manager002', '12345678', 'Manager 002', 'manager002@mail.com', '0980891439', 'male', '1983-03-08',
        'MANAGER', TRUE, 'Cần Thơ'),
       (UUID(), 'manager003', '12345678', 'Manager 003', 'manager003@mail.com', '0951498470', 'female', '1985-05-21',
        'MANAGER', TRUE, 'Quảng Bình'),
       (UUID(), 'manager004', '12345678', 'Manager 004', 'manager004@mail.com', '0980282470', 'male', '1974-10-23',
        'MANAGER', TRUE, 'Điện Biên'),
       (UUID(), 'manager005', '12345678', 'Manager 005', 'manager005@mail.com', '0975738576', 'female', '1984-02-16',
        'MANAGER', TRUE, 'Nghệ An'),
       (UUID(), 'manager006', '12345678', 'Manager 006', 'manager006@mail.com', '0987014927', 'male', '1980-04-22',
        'MANAGER', TRUE, 'Hà Tĩnh'),
       (UUID(), 'customer002', '12345678', 'Customer 002', 'customer002@mail.com', '0989282574', 'male', '1987-06-25',
        'CUSTOMER', TRUE, 'Nha Trang'),
       (UUID(), 'customer003', '12345678', 'Customer 003', 'customer003@mail.com', '0957818106', 'female', '1976-08-13',
        'CUSTOMER', TRUE, 'Hà Tĩnh'),
       (UUID(), 'customer004', '12345678', 'Customer 004', 'customer004@mail.com', '0923283848', 'male', '1998-12-18',
        'CUSTOMER', TRUE, 'Điện Biên'),
       (UUID(), 'customer005', '12345678', 'Customer 005', 'customer005@mail.com', '0935749850', 'female', '1992-04-03',
        'CUSTOMER', TRUE, 'Hồ Chí Minh'),
       (UUID(), 'customer006', '12345678', 'Customer 006', 'customer006@mail.com', '0996775327', 'male', '1997-04-14',
        'CUSTOMER', TRUE, 'Điện Biên'),
       (UUID(), 'customer007', '12345678', 'Customer 007', 'customer007@mail.com', '0972728343', 'female', '1972-11-20',
        'CUSTOMER', TRUE, 'Quảng Bình'),
       (UUID(), 'customer008', '12345678', 'Customer 008', 'customer008@mail.com', '0920046114', 'male', '1986-02-06',
        'CUSTOMER', TRUE, 'Nha Trang'),
       (UUID(), 'customer009', '12345678', 'Customer 009', 'customer009@mail.com', '0943217297', 'female', '1983-03-06',
        'CUSTOMER', TRUE, 'Nha Trang'),
       (UUID(), 'customer010', '12345678', 'Customer 010', 'customer010@mail.com', '0958711160', 'male', '2002-04-22',
        'CUSTOMER', TRUE, 'Bình Dương'),
       (UUID(), 'customer011', '12345678', 'Customer 011', 'customer011@mail.com', '0921815390', 'female', '2003-05-19',
        'CUSTOMER', TRUE, 'Huế'),
       (UUID(), 'customer012', '12345678', 'Customer 012', 'customer012@mail.com', '0980296440', 'male', '1989-02-14',
        'CUSTOMER', TRUE, 'Hà Nội'),
       (UUID(), 'customer013', '12345678', 'Customer 013', 'customer013@mail.com', '0962837559', 'female', '1973-07-08',
        'CUSTOMER', TRUE, 'Điện Biên'),
       (UUID(), 'customer014', '12345678', 'Customer 014', 'customer014@mail.com', '0944841246', 'male', '1972-04-13',
        'CUSTOMER', TRUE, 'Quảng Trị'),
       (UUID(), 'customer015', '12345678', 'Customer 015', 'customer015@mail.com', '0945807573', 'female', '1992-11-03',
        'CUSTOMER', TRUE, 'Nghệ An'),
       (UUID(), 'customer016', '12345678', 'Customer 016', 'customer016@mail.com', '0993505070', 'male', '1976-06-28',
        'CUSTOMER', TRUE, 'Đà Nẵng'),
       (UUID(), 'customer017', '12345678', 'Customer 017', 'customer017@mail.com', '0927661572', 'female', '1993-05-01',
        'CUSTOMER', TRUE, 'Nghệ An'),
       (UUID(), 'customer018', '12345678', 'Customer 018', 'customer018@mail.com', '0965054874', 'Male', '1987-09-16',
        'CUSTOMER', TRUE, 'Hà Nội'),
       (UUID(), 'customer019', '12345678', 'Customer 019', 'customer019@mail.com', '0958514869', 'Female', '1994-07-19',
        'CUSTOMER', TRUE, 'Quảng Bình'),
       (UUID(), 'customer020', '12345678', 'Customer 020', 'customer020@mail.com', '0980308713', 'Male', '1977-10-14',
        'CUSTOMER', TRUE, 'Cần Thơ'),
       (UUID(), 'customer021', '12345678', 'Customer 021', 'customer021@mail.com', '0937143169', 'Female', '1980-08-03',
        'CUSTOMER', TRUE, 'Điện Biên'),
       (UUID(), 'customer022', '12345678', 'Customer 022', 'customer022@mail.com', '0942385185', 'Male', '1989-05-11',
        'CUSTOMER', TRUE, 'Bình Dương'),
       (UUID(), 'customer023', '12345678', 'Customer 023', 'customer023@mail.com', '0912724151', 'Female', '2004-05-05',
        'CUSTOMER', TRUE, 'Bình Dương'),
       (UUID(), 'customer024', '12345678', 'Customer 024', 'customer024@mail.com', '0979658952', 'Male', '1974-10-29',
        'CUSTOMER', TRUE, 'Hà Tĩnh'),
       (UUID(), 'customer025', '12345678', 'Customer 025', 'customer025@mail.com', '0915368807', 'Female', '1995-03-26',
        'CUSTOMER', TRUE, 'Cần Thơ'),
       (UUID(), 'customer026', '12345678', 'Customer 026', 'customer026@mail.com', '0948603603', 'Male', '1971-01-23',
        'CUSTOMER', TRUE, 'Nghệ An'),
       (UUID(), 'customer027', '12345678', 'Customer 027', 'customer027@mail.com', '0955637835', 'Female', '1972-08-05',
        'CUSTOMER', TRUE, 'Cần Thơ'),
       (UUID(), 'customer028', '12345678', 'Customer 028', 'customer028@mail.com', '0958662232', 'Male', '1980-01-28',
        'CUSTOMER', TRUE, 'Nghệ An'),
       (UUID(), 'customer029', '12345678', 'Customer 029', 'customer029@mail.com', '0928130660', 'Female', '1972-03-13',
        'CUSTOMER', TRUE, 'Hà Nội'),
       (UUID(), 'customer030', '12345678', 'Customer 030', 'customer030@mail.com', '0913005853', 'Male', '2003-12-01',
        'CUSTOMER', TRUE, 'Đà Nẵng'),
       (UUID(), 'customer031', '12345678', 'Customer 031', 'customer031@mail.com', '0924637905', 'Female', '1987-03-17',
        'CUSTOMER', TRUE, 'Nha Trang'),
       (UUID(), 'customer032', '12345678', 'Customer 032', 'customer032@mail.com', '0976090466', 'Male', '2004-04-12',
        'CUSTOMER', TRUE, 'Cần Thơ'),
       (UUID(), 'customer033', '12345678', 'Customer 033', 'customer033@mail.com', '0996055178', 'Female', '1993-06-09',
        'CUSTOMER', TRUE, 'Hà Tĩnh'),
       (UUID(), 'customer034', '12345678', 'Customer 034', 'customer034@mail.com', '0937643611', 'Male', '2000-01-27',
        'CUSTOMER', TRUE, 'Nha Trang'),
       (UUID(), 'customer035', '12345678', 'Customer 035', 'customer035@mail.com', '0982699144', 'Female', '1980-08-06',
        'CUSTOMER', TRUE, 'Hà Tĩnh'),
       (UUID(), 'customer036', '12345678', 'Customer 036', 'customer036@mail.com', '0917362834', 'Male', '1992-01-05',
        'CUSTOMER', TRUE, 'Cần Thơ'),
       (UUID(), 'customer037', '12345678', 'Customer 037', 'customer037@mail.com', '0938096149', 'Female', '1975-09-25',
        'CUSTOMER', TRUE, 'Cần Thơ'),
       (UUID(), 'customer038', '12345678', 'Customer 038', 'customer038@mail.com', '0974985400', 'Male', '1991-12-05',
        'CUSTOMER', TRUE, 'Huế'),
       (UUID(), 'customer039', '12345678', 'Customer 039', 'customer039@mail.com', '0949507029', 'Female', '1990-12-20',
        'CUSTOMER', TRUE, 'Huế'),
       (UUID(), 'customer040', '12345678', 'Customer 040', 'customer040@mail.com', '0957242371', 'Male', '1979-04-13',
        'CUSTOMER', TRUE, 'Huế'),
       (UUID(), 'customer041', '12345678', 'Customer 041', 'customer041@mail.com', '0927762364', 'Female', '1972-02-01',
        'CUSTOMER', TRUE, 'Hà Tĩnh'),
       (UUID(), 'customer042', '12345678', 'Customer 042', 'customer042@mail.com', '0985986760', 'Male', '1990-10-29',
        'CUSTOMER', TRUE, 'Huế'),
       (UUID(), 'customer043', '12345678', 'Customer 043', 'customer043@mail.com', '0956614963', 'Female', '1990-12-20',
        'CUSTOMER', TRUE, 'Cần Thơ'),
       (UUID(), 'customer044', '12345678', 'Customer 044', 'customer044@mail.com', '0999776778', 'Male', '2001-06-27',
        'CUSTOMER', TRUE, 'Nghệ An'),
       (UUID(), 'customer045', '12345678', 'Customer 045', 'customer045@mail.com', '0936696172', 'Female', '1978-08-15',
        'CUSTOMER', TRUE, 'Hồ Chí Minh'),
       (UUID(), 'customer046', '12345678', 'Customer 046', 'customer046@mail.com', '0969308476', 'Male', '1989-10-02',
        'CUSTOMER', TRUE, 'Quảng Bình'),
       (UUID(), 'customer047', '12345678', 'Customer 047', 'customer047@mail.com', '0968874307', 'Female', '1974-05-02',
        'CUSTOMER', TRUE, 'Bình Dương'),
       (UUID(), 'customer048', '12345678', 'Customer 048', 'customer048@mail.com', '0994402054', 'Male', '2005-01-08',
        'CUSTOMER', TRUE, 'Bình Dương'),
       (UUID(), 'customer049', '12345678', 'Customer 049', 'customer049@mail.com', '0987774351', 'Female', '2004-08-10',
        'CUSTOMER', TRUE, 'Quảng Bình'),
       (UUID(), 'customer050', '12345678', 'Customer 050', 'customer050@mail.com', '0973108518', 'Male', '1997-04-06',
        'CUSTOMER', TRUE, 'Nghệ An'),
       (UUID(), 'customer051', '12345678', 'Customer 051', 'customer051@mail.com', '0981477411', 'Female', '1974-10-27',
        'CUSTOMER', TRUE, 'Hồ Chí Minh'),
       (UUID(), 'customer052', '12345678', 'Customer 052', 'customer052@mail.com', '0982527318', 'Male', '2004-02-03',
        'CUSTOMER', TRUE, 'Nghệ An'),
       (UUID(), 'customer053', '12345678', 'Customer 053', 'customer053@mail.com', '0915862908', 'Female', '1970-09-26',
        'CUSTOMER', TRUE, 'Bình Dương'),
       (UUID(), 'customer054', '12345678', 'Customer 054', 'customer054@mail.com', '0956522172', 'Male', '1971-09-18',
        'CUSTOMER', TRUE, 'Bình Dương'),
       (UUID(), 'customer055', '12345678', 'Customer 055', 'customer055@mail.com', '0968841694', 'Female', '1978-03-14',
        'CUSTOMER', TRUE, 'Bình Dương'),
       (UUID(), 'customer056', '12345678', 'Customer 056', 'customer056@mail.com', '0977196415', 'Male', '1999-09-22',
        'CUSTOMER', TRUE, 'Điện Biên'),
       (UUID(), 'customer057', '12345678', 'Customer 057', 'customer057@mail.com', '0997494059', 'Female', '1982-01-18',
        'CUSTOMER', TRUE, 'Quảng Bình'),
       (UUID(), 'customer058', '12345678', 'Customer 058', 'customer058@mail.com', '0917967051', 'Male', '1970-09-16',
        'CUSTOMER', TRUE, 'Đà Nẵng'),
       (UUID(), 'customer059', '12345678', 'Customer 059', 'customer059@mail.com', '0914783845', 'Female', '1992-10-15',
        'CUSTOMER', TRUE, 'Đà Nẵng'),
       (UUID(), 'customer060', '12345678', 'Customer 060', 'customer060@mail.com', '0927696172', 'Male', '1997-05-28',
        'CUSTOMER', TRUE, 'Hà Tĩnh'),
       (UUID(), 'customer061', '12345678', 'Customer 061', 'customer061@mail.com', '0996921558', 'Female', '1989-05-05',
        'CUSTOMER', TRUE, 'Đà Nẵng'),
       (UUID(), 'customer062', '12345678', 'Customer 062', 'customer062@mail.com', '0921852452', 'Male', '1976-10-15',
        'CUSTOMER', TRUE, 'Hồ Chí Minh'),
       (UUID(), 'customer063', '12345678', 'Customer 063', 'customer063@mail.com', '0952763663', 'Female', '1979-02-21',
        'CUSTOMER', TRUE, 'Điện Biên'),
       (UUID(), 'customer064', '12345678', 'Customer 064', 'customer064@mail.com', '0962649471', 'Male', '1976-01-08',
        'CUSTOMER', TRUE, 'Quảng Trị'),
       (UUID(), 'customer065', '12345678', 'Customer 065', 'customer065@mail.com', '0931358866', 'Female', '1995-09-02',
        'CUSTOMER', TRUE, 'Nghệ An'),
       (UUID(), 'customer066', '12345678', 'Customer 066', 'customer066@mail.com', '0978648138', 'Male', '1970-03-27',
        'CUSTOMER', TRUE, 'Sơn La'),
       (UUID(), 'customer067', '12345678', 'Customer 067', 'customer067@mail.com', '0977654438', 'Female', '1975-09-07',
        'CUSTOMER', TRUE, 'Điện Biên'),
       (UUID(), 'customer068', '12345678', 'Customer 068', 'customer068@mail.com', '0938540757', 'Male', '2000-12-16',
        'CUSTOMER', TRUE, 'Cần Thơ'),
       (UUID(), 'customer069', '12345678', 'Customer 069', 'customer069@mail.com', '0958841759', 'Female', '1986-10-25',
        'CUSTOMER', TRUE, 'Cần Thơ'),
       (UUID(), 'customer070', '12345678', 'Customer 070', 'customer070@mail.com', '0997456687', 'Male', '2003-03-08',
        'CUSTOMER', TRUE, 'Quảng Bình'),
       (UUID(), 'customer071', '12345678', 'Customer 071', 'customer071@mail.com', '0913264061', 'Female', '1995-12-30',
        'CUSTOMER', TRUE, 'Huế'),
       (UUID(), 'customer072', '12345678', 'Customer 072', 'customer072@mail.com', '0939881165', 'Male', '1983-08-14',
        'CUSTOMER', TRUE, 'Bình Dương'),
       (UUID(), 'customer073', '12345678', 'Customer 073', 'customer073@mail.com', '0986589205', 'Female', '1998-06-08',
        'CUSTOMER', TRUE, 'Nha Trang'),
       (UUID(), 'customer074', '12345678', 'Customer 074', 'customer074@mail.com', '0910405598', 'Male', '1972-10-27',
        'CUSTOMER', TRUE, 'Quảng Trị'),
       (UUID(), 'customer075', '12345678', 'Customer 075', 'customer075@mail.com', '0927039213', 'Female', '1984-07-21',
        'CUSTOMER', TRUE, 'Hồ Chí Minh'),
       (UUID(), 'customer076', '12345678', 'Customer 076', 'customer076@mail.com', '0965435425', 'Male', '1988-06-27',
        'CUSTOMER', TRUE, 'Quảng Bình'),
       (UUID(), 'customer077', '12345678', 'Customer 077', 'customer077@mail.com', '0970788034', 'Female', '1998-06-17',
        'CUSTOMER', TRUE, 'Điện Biên'),
       (UUID(), 'customer078', '12345678', 'Customer 078', 'customer078@mail.com', '0990578292', 'Male', '1987-04-15',
        'CUSTOMER', TRUE, 'Bình Dương'),
       (UUID(), 'customer079', '12345678', 'Customer 079', 'customer079@mail.com', '0995666333', 'Female', '1989-03-28',
        'CUSTOMER', TRUE, 'Cần Thơ'),
       (UUID(), 'customer080', '12345678', 'Customer 080', 'customer080@mail.com', '0936956750', 'Male', '1991-08-17',
        'CUSTOMER', TRUE, 'Cần Thơ'),
       (UUID(), 'customer081', '12345678', 'Customer 081', 'customer081@mail.com', '0952561295', 'Female', '1990-03-12',
        'CUSTOMER', TRUE, 'Sơn La'),
       (UUID(), 'customer082', '12345678', 'Customer 082', 'customer082@mail.com', '0997391114', 'Male', '2003-09-02',
        'CUSTOMER', TRUE, 'Sơn La'),
       (UUID(), 'customer083', '12345678', 'Customer 083', 'customer083@mail.com', '0937051550', 'Female', '1995-03-10',
        'CUSTOMER', TRUE, 'Hồ Chí Minh'),
       (UUID(), 'customer084', '12345678', 'Customer 084', 'customer084@mail.com', '0948533327', 'Male', '1984-03-09',
        'CUSTOMER', TRUE, 'Quảng Bình'),
       (UUID(), 'customer085', '12345678', 'Customer 085', 'customer085@mail.com', '0925727617', 'Female', '1987-03-21',
        'CUSTOMER', TRUE, 'Hà Tĩnh'),
       (UUID(), 'customer086', '12345678', 'Customer 086', 'customer086@mail.com', '0967778937', 'Male', '1984-03-30',
        'CUSTOMER', TRUE, 'Hồ Chí Minh'),
       (UUID(), 'customer087', '12345678', 'Customer 087', 'customer087@mail.com', '0947801477', 'Female', '1994-02-25',
        'CUSTOMER', TRUE, 'Nha Trang'),
       (UUID(), 'customer088', '12345678', 'Customer 088', 'customer088@mail.com', '0998171705', 'Male', '1983-05-02',
        'CUSTOMER', TRUE, 'Huế'),
       (UUID(), 'customer089', '12345678', 'Customer 089', 'customer089@mail.com', '0936936307', 'Female', '2002-11-22',
        'CUSTOMER', TRUE, 'Điện Biên'),
       (UUID(), 'customer090', '12345678', 'Customer 090', 'customer090@mail.com', '0968417191', 'Male', '1984-04-06',
        'CUSTOMER', TRUE, 'Huế'),
       (UUID(), 'customer091', '12345678', 'Customer 091', 'customer091@mail.com', '0971433864', 'Female', '1990-02-18',
        'CUSTOMER', TRUE, 'Cần Thơ'),
       (UUID(), 'customer092', '12345678', 'Customer 092', 'customer092@mail.com', '0937217384', 'Male', '1972-10-29',
        'CUSTOMER', TRUE, 'Sơn La'),
       (UUID(), 'customer093', '12345678', 'Customer 093', 'customer093@mail.com', '0923796703', 'Female', '2004-02-19',
        'CUSTOMER', TRUE, 'Nha Trang'),
       (UUID(), 'customer094', '12345678', 'Customer 094', 'customer094@mail.com', '0947557752', 'Male', '1984-10-10',
        'CUSTOMER', TRUE, 'Bình Dương'),
       (UUID(), 'customer095', '12345678', 'Customer 095', 'customer095@mail.com', '0972652660', 'Female', '1993-09-01',
        'CUSTOMER', TRUE, 'Hồ Chí Minh'),
       (UUID(), 'customer096', '12345678', 'Customer 096', 'customer096@mail.com', '0963322111', 'Male', '1978-01-14',
        'CUSTOMER', TRUE, 'Bình Dương'),
       (UUID(), 'customer097', '12345678', 'Customer 097', 'customer097@mail.com', '0954934301', 'Female', '2005-09-15',
        'CUSTOMER', TRUE, 'Bình Dương'),
       (UUID(), 'customer098', '12345678', 'Customer 098', 'customer098@mail.com', '0976546111', 'Male', '1992-01-05',
        'CUSTOMER', TRUE, 'Quảng Bình'),
       (UUID(), 'customer099', '12345678', 'Customer 099', 'customer099@mail.com', '0965963142', 'Female', '1978-05-23',
        'CUSTOMER', TRUE, 'Điện Biên'),
       (UUID(), 'customer100', '12345678', 'Customer 100', 'customer100@mail.com', '0931991573', 'Male', '1978-11-28',
        'CUSTOMER', TRUE, 'Quảng Bình'),
       (UUID(), 'customer101', '12345678', 'Customer 101', 'customer101@mail.com', '0944029117', 'Female', '1970-11-20',
        'CUSTOMER', TRUE, 'Huế');

INSERT INTO users (id, username, password, full_name, email, phone_number, gender, date_of_birth, role_name,
                   is_verified, address)
VALUES ('doctor-uuid-1234', 'doctor001', 'pass', 'Dr. Thanh', 'doctor@mail.com', '0909123456', 'Male', '1980-01-01',
        'DOCTOR', TRUE, 'TP.HCM');

INSERT INTO doctors (id, qualifications, graduation_year, experience_years, specialty)
VALUES ('doctor-uuid-1234', 'Bác sĩ chuyên khoa II', 2005, 15, 'Hiếm muộn');

INSERT INTO users (id, username, password, full_name, email, phone_number, gender, date_of_birth, role_name,
                   is_verified, address)
VALUES ('customer-uuid-5678', 'customer001', 'pass', 'Nguyễn Thị A', 'customer@mail.com', '0911123456', 'Female',
        '1993-02-14', 'CUSTOMER', TRUE, 'Hà Nội');

INSERT INTO users (id, username, password, full_name, email, phone_number, gender, date_of_birth, role_name,
                   is_verified, address)
VALUES ('b9bcf068-3e53-4c23-a958-f9578ef8e995', 'manager001', 'pass2', 'User 2', 'user2@mail.com', '0123456789',
        'Other', '1990-01-01', 'MANAGER', TRUE, 'Address 2');

UPDATE users u
SET u.avatar_url = 'https://res.cloudinary.com/di6hi1r0g/image/upload/v1749288955/default-avatar_qwb4ru.png';

UPDATE doctors d
SET d.is_public = true;

INSERT INTO treatment_service (id, name, description, price, duration, created_by)
VALUES (1, 'Bơm tinh trùng vào buồng tử cung (IUI)',
        'IUI là phương pháp đưa tinh trùng đã được lọc rửa trực tiếp vào buồng tử cung của người phụ nữ, gần thời điểm rụng trứng. Mục tiêu là giúp tinh trùng dễ gặp trứng hơn, tăng khả năng thụ thai tự nhiên.',
        10000000, 30, 'b9bcf068-3e53-4c23-a958-f9578ef8e995'),
       (2, 'Thụ tinh trong ống nghiệm (IVF)',
        'IVF là phương pháp lấy trứng và tinh trùng ra khỏi cơ thể, cho thụ tinh trong phòng thí nghiệm. Sau khi tạo phôi, phôi được chuyển vào tử cung để phát triển thành thai.',
        90000000, 30, 'b9bcf068-3e53-4c23-a958-f9578ef8e995');


INSERT INTO treatment_stage (service_id, name, description, expected_day_range, order_index)
VALUES (1, 'Thăm khám ban đầu', 'Khám tổng quát, siêu âm, xét nghiệm nội tiết, kiểm tra tử cung và tinh dịch đồ',
        'Trước CD2', 0),
       (1, 'Khám đầu chu kỳ', 'Siêu âm đầu dò, xét nghiệm nội tiết (FSH, LH, E2, AMH), kiểm tra tử cung', 'CD2–CD3', 1),
       (1, 'Kích thích buồng trứng', 'Dùng Clomid hoặc FSH để kích thích phát triển nang noãn', 'CD3–CD9', 2),
       (1, 'Theo dõi nang noãn', 'Siêu âm đầu dò cách ngày đo kích thước nang noãn, kết hợp xét nghiệm nếu cần',
        'CD8–CD12', 3),
       (1, 'Tiêm rụng trứng', 'Tiêm hCG khi nang đủ lớn', 'CD12–CD14', 4),
       (1, 'Bơm tinh trùng (IUI)', 'Tiến hành IUI sau tiêm hCG 36–40h', 'CD13–CD14', 5),
       (1, 'Hỗ trợ hoàng thể', 'Uống hoặc đặt progesterone', 'Sau IUI', 6),
       (1, 'Thử thai', 'Xét nghiệm máu beta hCG', 'CD27–CD30', 7),
       (2, 'Thăm khám ban đầu', 'Khám tổng quát, siêu âm, xét nghiệm nội tiết, kiểm tra tử cung và tinh dịch đồ',
        'Trước CD2', 0),
       (2, 'Khám đầu chu kỳ', 'Siêu âm đầu dò, xét nghiệm nội tiết (FSH, LH, E2, AMH), kiểm tra tử cung', 'CD2–CD3', 1),
       (2, 'Kích thích buồng trứng', 'Dùng Clomid hoặc FSH để kích thích phát triển nang noãn', 'CD3–CD9', 2),
       (2, 'Theo dõi nang trứng', 'Siêu âm đầu dò cách ngày đo kích thước nang noãn, kết hợp xét nghiệm nếu cần',
        'CD8–CD12', 3),
       (2, 'Tiêm rụng trứng (trigger)', 'Tiêm Ovitrelle khi nang ≥18mm', 'CD10–CD13', 4),
       (2, 'Chọc hút trứng', 'Thực hiện 34–36 giờ sau tiêm trigger', 'CD12–CD15', 5),
       (2, 'Thụ tinh & nuôi phôi', 'IVF/ICSI và nuôi phôi 3–5 ngày', 'Ngày 1–5 sau hút trứng', 6),
       (2, 'Chuyển phôi', 'Đặt phôi vào tử cung', 'Ngày 3–5 sau hút trứng', 7),
       (2, 'Hỗ trợ hoàng thể', 'Dùng progesterone', 'Sau chuyển phôi', 8),
       (2, 'Thử thai', 'Xét nghiệm beta hCG sau 14 ngày', 'CD27–CD30', 9);


UPDATE users u
SET u.gender = LOWER(u.gender);